date, pm25, pm10, o3, no2, so2, co
2020/4/1, 122, , 23, 4, 6, 
2020/4/2, 97, , 27, 3, 7, 
2020/4/3, 67, , 28, 3, 7, 
2020/4/4, 91, , , , , 
2020/4/6, 99, , 24, 3, 8, 
2020/4/7, 107, , 25, 4, 4, 
2020/4/8, 93, , 29, 3, 4, 
2020/4/9, 86, , 31, 8, 11, 
2020/4/10, 111, , 31, 16, 10, 
2020/4/11, 145, , 26, 8, 8, 
2020/4/12, 116, , 28, 12, 16, 
2020/4/13, 121, , 31, 11, 9, 
2020/4/14, 136, , 12, 12, 10, 
2020/4/15, 151, , , , , 
2020/3/1, 112, , 24, 23, 4, 
2020/3/2, 146, , 5, 42, 6, 
2020/3/3, 167, , 24, 23, 7, 
2020/3/4, 153, , 22, 14, 4, 
2020/3/5, 134, , 20, 13, 4, 
2020/3/6, 129, , 20, 13, 3, 
2020/3/7, 86, , 22, 15, 3, 
2020/3/8, 107, , 24, 20, 4, 
2020/3/9, 124, , 20, 19, 5, 
2020/3/10, 185, , 23, 14, 7, 
2020/3/11, 151, , 26, 20, 10, 
2020/3/12, 158, , 16, 13, 5, 
2020/3/13, 108, , 18, 20, 5, 
2020/3/14, 120, , 20, 14, 5, 
2020/3/15, 139, , 24, 27, 5, 
2020/3/16, 124, , 30, 23, 12, 
2020/3/17, 134, , 27, 25, 11, 
2020/3/18, 145, , 29, 27, 18, 
2020/3/19, 158, , 30, 28, 12, 
2020/3/20, 160, , 21, 14, 10, 
2020/3/21, 117, , 25, 11, 8, 
2020/3/22, 129, , 27, 10, 8, 
2020/3/23, 144, , 28, 11, 8, 
2020/3/24, 158, , 20, 5, 7, 
2020/3/25, 124, , 19, 4, 6, 
2020/3/26, 100, , 12, 4, 8, 
2020/3/27, 115, , 22, 3, 6, 
2020/3/28, 91, , 21, 2, 6, 
2020/3/29, 78, , 24, 3, 7, 
2020/3/30, 87, , 26, 5, 7, 
2020/3/31, 109, , 27, 5, 7, 
2020/2/1, 179, , 25, 27, 12, 
2020/2/2, 169, , 27, 37, 8, 
2020/2/3, 207, , 24, 44, 8, 
2020/2/4, 254, , 28, 34, 6, 
2020/2/5, 181, , 27, 29, 7, 
2020/2/6, 175, , 26, 24, 6, 
2020/2/7, 174, , 27, 34, 8, 
2020/2/8, 209, , 30, 41, 9, 
2020/2/9, 240, , 31, 45, 8, 
2020/2/10, 200, , 32, 43, 15, 
2020/2/11, 238, , 34, 43, 10, 
2020/2/12, 218, , 24, 26, 13, 
2020/2/13, 159, , 28, 19, 10, 
2020/2/14, 137, , 27, 31, 13, 
2020/2/15, 126, , 30, 35, 10, 
2020/2/16, 169, , 30, 37, 7, 
2020/2/17, 168, , 32, 40, 13, 
2020/2/18, 169, , 31, 45, 10, 
2020/2/19, 184, , 27, 20, 7, 
2020/2/20, 160, , 26, 14, 6, 
2020/2/21, 174, , 18, 23, 5, 
2020/2/22, 154, , 23, 23, 5, 
2020/2/23, 175, , 21, 24, 4, 
2020/2/24, 164, , 21, 20, 3, 
2020/2/25, 98, , 25, 25, 3, 
2020/2/26, 136, , 26, 23, 4, 
2020/2/27, 138, , 22, 21, 4, 
2020/2/28, 140, , 24, 20, 5, 
2020/2/29, 154, , 22, 18, 4, 
2020/1/1, 418, , 13, 33, 8, 
2020/1/2, 294, , 12, 19, 4, 
2020/1/3, 189, , 11, 23, 4, 
2020/1/4, 175, , 15, 22, 10, 
2020/1/5, 199, , 18, 36, 17, 
2020/1/6, 206, , 18, 27, 6, 
2020/1/7, 222, , 11, 18, 4, 
2020/1/8, 211, , 10, 23, 5, 
2020/1/9, 181, , 10, 27, 11, 
2020/1/10, 222, , 5, 34, 15, 
2020/1/11, 283, , 25, 38, 13, 
2020/1/12, 333, , 12, 31, 6, 
2020/1/13, 335, , 21, 27, 12, 
2020/1/14, 241, , 7, 30, 4, 
2020/1/15, 245, , 11, 17, 2, 
2020/1/16, 118, , 11, 27, 8, 
2020/1/17, 203, , 7, 28, 6, 
2020/1/18, 177, , 14, 25, 5, 
2020/1/19, 170, , 25, 24, 7, 
2020/1/20, 201, , 16, 27, 5, 
2020/1/21, 232, , 16, 26, 5, 
2020/1/22, 212, , 21, 19, 5, 
2020/1/23, 156, , 23, 29, 8, 
2020/1/24, 161, , 25, 38, 13, 
2020/1/25, 225, , 31, 33, 9, 
2020/1/26, 233, , 33, 44, 22, 
2020/1/27, 283, , 23, 28, 10, 
2020/1/28, 224, , 19, 17, 6, 
2020/1/29, 219, , 22, 23, 6, 
2020/1/30, 145, , 23, 29, 12, 
2020/1/31, 160, , 28, 33, 7, 
2019/10/1, 99, , 13, 14, 2, 
2019/10/2, 77, , 12, 17, 4, 
2019/10/3, 102, , 20, 28, 7, 
2019/10/4, 145, , 23, 24, 4, 
2019/10/5, 177, , 30, 25, 6, 
2019/10/6, 124, , 27, 30, 8, 
2019/10/7, 157, , 26, 24, 7, 
2019/10/8, 143, , 26, 33, 7, 
2019/10/9, 151, , 27, 38, 12, 
2019/10/10, 155, , 27, 35, 14, 
2019/10/11, 192, , 25, 34, 10, 
2019/10/12, 170, , 33, 43, 19, 
2019/10/13, 177, , 35, 37, 11, 
2019/10/14, 178, , 32, 32, 6, 
2019/10/15, 167, , 20, 21, 4, 
2019/10/16, 183, , 25, 29, 5, 
2019/10/17, 182, , 29, 27, 6, 
2019/10/18, 163, , 26, 30, 6, 
2019/10/19, 171, , 20, 23, 8, 
2019/10/20, 183, , 32, 25, 17, 
2019/10/21, 188, , 32, 37, 19, 
2019/10/22, 188, , 35, 47, 20, 
2019/10/23, 196, , 31, 38, 6, 
2019/10/24, 177, , 22, 18, 5, 
2019/10/25, 174, , , , , 
2019/10/29, 241, , 3, 54, 14, 
2019/10/30, 343, , 26, 49, 14, 
2019/10/31, 357, , 30, 57, 28, 
2019/11/1, 297, , 32, 58, 17, 
2019/11/2, 258, , 23, 32, 15, 
2019/11/3, 292, , 21, 36, 6, 
2019/11/4, 412, , 28, 38, 8, 
2019/11/5, 343, , 24, 48, 23, 
2019/11/6, 249, , 32, 42, 9, 
2019/11/7, 250, , 35, 50, 8, 
2019/11/8, 247, , 32, 40, 7, 
2019/11/9, 205, , 31, 29, 6, 
2019/11/10, 188, , 36, 40, 7, 
2019/11/11, 220, , 38, 49, 9, 
2019/11/12, 271, , 45, 50, 15, 
2019/11/13, 313, , 42, 42, 9, 
2019/11/14, 281, , 39, 36, 12, 
2019/11/15, 284, , 26, 42, 31, 
2019/11/16, 334, , 27, 18, 7, 
2019/11/17, 206, , 26, 21, 5, 
2019/11/18, 175, , 27, 35, 38, 
2019/11/19, 231, , 37, 41, 27, 
2019/11/20, 278, , 37, 36, 8, 
2019/11/21, 236, , 34, 39, 19, 
2019/11/22, 266, , 33, 37, 29, 
2019/11/23, 286, , 27, 22, 8, 
2019/11/24, 314, , 20, 30, 14, 
2019/11/25, 314, , 30, 37, 9, 
2019/11/26, 284, , 30, 30, 6, 
2019/11/27, 297, , 28, 22, 8, 
2019/11/28, 253, , 18, 20, 4, 
2019/11/29, 128, , 20, 23, 7, 
2019/11/30, 161, , 28, 19, 4, 
2019/12/1, 176, , 27, 24, 5, 
2019/12/2, 187, , 31, 30, 7, 
2019/12/3, 222, , 32, 39, 34, 
2019/12/4, 245, , 33, 34, 8, 
2019/12/5, 256, , 30, 32, 7, 
2019/12/6, 260, , 24, 24, 6, 
2019/12/7, 233, , , , , 
2019/12/9, 201, , 30, 35, 6, 
2019/12/10, 234, , 34, 37, 8, 
2019/12/11, 303, , 21, 24, 4, 
2019/12/12, 246, , 14, 12, 8, 
2019/12/13, 167, , 15, 20, 7, 
2019/12/14, 173, , 16, 21, 2, 
2019/12/15, 155, , 16, 17, 3, 
2019/12/16, 167, , 16, 17, 1, 
2019/12/17, 171, , 10, 15, 1, 
2019/12/18, 178, , 15, 19, 2, 
2019/12/19, 201, , 2, 26, 7, 
2019/12/20, 272, , , , , 
2019/12/23, 247, , 11, 27, 5, 
2019/12/24, 282, , 9, 24, 4, 
2019/12/25, 290, , 10, 18, 3, 
2019/12/26, 239, , 13, 24, 9, 
2019/12/27, 296, , 12, 30, 26, 
2019/12/28, 381, , 11, 25, 6, 
2019/12/29, 358, , , , , 
2019/7/1, 146, , 15, 18, 3, 12
2019/7/2, 112, , 12, 12, 2, 10
2019/7/3, 69, , 9, 10, 2, 7
2019/7/4, 94, , 26, 16, 3, 12
2019/7/5, 86, , 18, 18, 2, 8
2019/7/6, 71, , 21, 20, 2, 10
2019/7/7, 92, , 13, 25, 3, 21
2019/7/8, 70, , 12, 19, 2, 11
2019/7/9, 70, , 7, 15, 3, 11
2019/7/10, 75, , 16, 12, 2, 14
2019/7/11, 74, , 7, 20, 2, 17
2019/7/12, 114, , 7, 17, 5, 10
2019/7/13, 119, , 14, 15, 9, 8
2019/7/14, 107, , 18, 17, 7, 9
2019/7/15, 102, , 23, 16, 3, 8
2019/7/16, 75, , 20, 16, 3, 8
2019/7/17, 84, , 24, 17, 3, 9
2019/7/18, 92, , 15, 22, 3, 13
2019/7/19, 114, , 15, 16, 2, 12
2019/7/20, 106, , 10, 11, 2, 11
2019/7/21, 96, , 29, 16, 3, 10
2019/7/22, 85, , 31, 17, 3, 10
2019/7/23, 111, , 13, 11, 2, 9
2019/7/24, 79, , 16, 12, 2, 11
2019/7/25, 51, , 20, 13, 2, 12
2019/7/26, 68, , 16, 11, 3, 11
2019/7/27, 69, , 15, 7, 2, 8
2019/7/28, 53, , 19, 10, 3, 8
2019/7/29, 56, , 18, 10, 2, 12
2019/7/30, 60, , 19, 12, 2, 11
2019/7/31, 83, , 19, 12, 2, 11
2019/8/1, 89, , 23, 11, 2, 9
2019/8/2, 89, , 24, 13, 2, 13
2019/8/3, 97, , 29, 14, 2, 8
2019/8/4, 97, , 20, 17, 3, 14
2019/8/5, 102, , 19, 12, 3, 11
2019/8/6, 76, , 20, 10, 2, 9
2019/8/7, 32, , 16, 8, 2, 7
2019/8/8, 39, , 16, 7, 2, 10
2019/8/9, 46, , 19, 10, 2, 11
2019/8/10, 51, , 20, 15, 4, 12
2019/8/11, 78, , 21, 13, 10, 9
2019/8/12, 60, , 12, 12, 2, 11
2019/8/13, 74, , 13, 8, 2, 12
2019/8/14, 41, , 16, 7, 3, 9
2019/8/15, 61, , 13, 7, 2, 8
2019/8/16, 36, , 14, 9, 2, 10
2019/8/17, 27, , 16, 9, 9, 9
2019/8/18, 59, , 10, 10, 2, 12
2019/8/19, 59, , 13, 12, 2, 14
2019/8/20, 52, , 11, 12, 5, 16
2019/8/21, 51, , 17, 9, 2, 9
2019/8/22, 54, , 5, 13, 2, 24
2019/8/23, 66, , 15, 12, 6, 
2019/8/24, 81, , 14, 8, 3, 
2019/8/25, 62, , 15, 10, 2, 
2019/8/26, 62, , 16, 13, 3, 
2019/8/27, 95, , 18, 10, 3, 
2019/8/28, 88, , 15, 8, 5, 
2019/8/29, 94, , , , , 
2019/9/6, 84, , 13, 15, 3, 
2019/9/7, 89, , 13, 11, 2, 
2019/9/8, 78, , 15, 15, 3, 
2019/9/9, 74, , 17, 16, 3, 
2019/9/10, 107, , 17, 17, 4, 
2019/9/11, 119, , 13, 13, 3, 
2019/9/12, 92, , 8, 10, 3, 
2019/9/13, 45, , 12, 12, 3, 
2019/9/14, 69, , 10, 12, 3, 
2019/9/15, 90, , 11, 17, 3, 
2019/9/16, 75, , 15, 12, 2, 
2019/9/17, 82, , 10, 10, 2, 
2019/9/18, 56, , 10, 10, 3, 
2019/9/19, 55, , 14, 15, 2, 
2019/9/20, 99, , 13, 18, 3, 
2019/9/21, 146, , 11, 12, 3, 
2019/9/22, 65, , 7, 16, 3, 
2019/9/23, 92, , 15, 14, 3, 
2019/9/24, 86, , 11, 10, 2, 
2019/9/25, 81, , 8, 9, 3, 
2019/9/26, 47, , 6, 11, 2, 
2019/9/27, 51, , 8, 9, 2, 
2019/9/28, 44, , 8, 9, 2, 
2019/9/29, 113, , 12, 10, 2, 
2019/9/30, 99, , 14, 13, 3, 
2019/4/1, 129, , 22, 25, 2, 18
2019/4/2, 134, , 22, 35, 4, 22
2019/4/3, 156, , 22, 34, 3, 26
2019/4/4, 161, , 24, 29, 3, 24
2019/4/5, 162, , 20, 25, 3, 21
2019/4/6, 159, , 15, 14, 2, 10
2019/4/7, 104, , 17, 21, 3, 19
2019/4/8, 132, , 17, 23, 3, 20
2019/4/9, 146, , 17, 25, 4, 22
2019/4/10, 151, , 22, 27, 2, 19
2019/4/11, 143, , 18, 28, 3, 21
2019/4/12, 157, , 20, 21, 2, 20
2019/4/13, 133, , 18, 17, 2, 16
2019/4/14, 99, , 10, 56, 4, 25
2019/4/15, 110, , 19, 21, 2, 18
2019/4/16, 124, , 28, 14, 1, 13
2019/4/17, 73, , 25, 17, 2, 16
2019/4/18, 91, , 23, 18, 4, 12
2019/4/19, 104, , 27, 24, 2, 16
2019/4/20, 146, , 27, 30, 5, 25
2019/4/21, 148, , 20, 42, 2, 28
2019/4/22, 142, , 72, 23, 4, 16
2019/4/23, 162, , 63, 19, 9, 11
2019/4/24, 157, , 53, 29, 8, 16
2019/4/25, 158, , 51, 28, 7, 12
2019/4/26, 158, , 35, 28, 7, 10
2019/4/27, 135, , 44, 26, 10, 10
2019/4/28, 144, , 46, 27, 8, 14
2019/4/29, 139, , 57, 36, 8, 15
2019/4/30, 161, , 57, 32, 9, 14
2019/5/1, 161, , 44, 25, 6, 12
2019/5/2, 161, , 43, 24, 6, 9
2019/5/3, 135, , 46, 29, 7, 11
2019/5/4, 140, , 51, 39, 7, 13
2019/5/5, 139, , 43, 38, 16, 13
2019/5/6, 142, , 40, 46, 26, 14
2019/5/7, 169, , 33, 43, 17, 16
2019/5/8, 179, , 30, 33, 9, 12
2019/5/9, 155, , 32, 32, 10, 11
2019/5/10, 144, , 39, 37, 13, 13
2019/5/11, 144, , 61, 18, 6, 8
2019/5/12, 159, , 44, 23, 14, 8
2019/5/13, 178, , 44, 24, 4, 9
2019/5/14, 116, , 55, 26, 5, 10
2019/5/15, 148, , 43, 23, 4, 7
2019/5/16, 114, , 44, 23, 5, 9
2019/5/17, 145, , 37, 16, 5, 6
2019/5/18, 107, , 58, 23, 6, 9
2019/5/19, 143, , 55, 36, 12, 16
2019/5/20, 144, , 50, 44, 11, 17
2019/5/21, 171, , 49, 31, 11, 13
2019/5/22, 145, , 53, 26, 8, 13
2019/5/23, 138, , 40, 20, 9, 7
2019/5/24, 121, , 47, 16, 5, 7
2019/5/25, 115, , 50, 30, 12, 13
2019/5/26, 122, , 51, 41, 13, 16
2019/5/27, 135, , 57, 40, 12, 15
2019/5/28, 135, , 59, 40, 11, 18
2019/5/29, 129, , 62, 46, 13, 20
2019/5/30, 153, , 54, 25, 9, 13
2019/5/31, 161, , 50, 21, 7, 13
2019/6/1, 137, , 39, 13, 6, 10
2019/6/2, 147, , 46, 12, 4, 10
2019/6/3, 111, , 49, 16, 7, 11
2019/6/4, 129, , 53, 16, 7, 12
2019/6/5, 152, , 46, 13, 6, 12
2019/6/6, 149, , 48, 15, 4, 9
2019/6/7, 91, , 52, 28, 6, 14
2019/6/8, 115, , 65, 33, 8, 15
2019/6/9, 136, , 62, 37, 9, 15
2019/6/10, 159, , 61, 21, 6, 12
2019/6/11, 139, , 34, 16, 4, 10
2019/6/12, 115, , 20, 29, 6, 18
2019/6/13, 155, , 36, 29, 13, 13
2019/6/14, 113, , 50, 36, 12, 17
2019/6/15, 147, , 35, 13, 13, 7
2019/6/16, 116, , , , , 
2019/6/19, 130, , 39, 19, 7, 9
2019/6/20, 111, , 36, 18, 3, 10
2019/6/21, 130, , 31, 16, 3, 10
2019/6/22, 111, , 14, 9, 2, 7
2019/6/23, 68, , 22, 12, 3, 11
2019/6/24, 107, , 23, 20, 3, 12
2019/6/25, 105, , 24, 26, 3, 14
2019/6/26, 99, , 38, 31, 8, 17
2019/6/27, 126, , 50, 31, 5, 15
2019/6/28, 116, , 39, 32, 10, 16
2019/6/29, 127, , 37, 20, 5, 10
2019/6/30, 127, , 28, 19, 2, 13
2019/1/1, 350, , 33, 62, 26, 25
2019/1/2, 409, , 38, 54, 5, 27
2019/1/3, 319, , 33, 46, 11, 16
2019/1/4, 347, , 35, 46, 7, 20
2019/1/5, 311, , 32, 24, 5, 19
2019/1/6, 300, , 22, 31, 4, 18
2019/1/7, 199, , 33, 34, 3, 14
2019/1/8, 201, , 36, 32, 6, 16
2019/1/9, 205, , 34, 39, 10, 12
2019/1/10, 235, , 38, 56, 12, 21
2019/1/11, 358, , 40, 56, 7, 23
2019/1/12, 373, , 40, 44, 5, 27
2019/1/13, 329, , 32, 26, 2, 13
2019/1/14, 218, , 36, 33, 12, 14
2019/1/15, 183, , 49, 57, 19, 23
2019/1/16, 317, , 39, 55, 8, 29
2019/1/17, 331, , 38, 45, 7, 25
2019/1/18, 264, , 45, 52, 15, 17
2019/1/19, 285, , 38, 57, 23, 21
2019/1/20, 328, , 42, 39, 8, 20
2019/1/21, 222, , 36, 28, 6, 21
2019/1/22, 248, , 26, 24, 4, 13
2019/1/23, 200, , 30, 34, 4, 21
2019/1/24, 195, , 12, 26, 3, 17
2019/1/25, 188, , , , , 
2019/1/29, 193, , 37, 45, 11, 12
2019/1/30, 217, , 35, 44, 6, 21
2019/1/31, 217, , 35, 37, 10, 19
2019/2/1, 204, , 36, 30, 4, 17
2019/2/2, 207, , 26, 28, 2, 18
2019/2/3, 219, , 23, 33, 3, 19
2019/2/4, 229, , 31, 50, 8, 22
2019/2/5, 278, , 18, 35, 4, 19
2019/2/6, 251, , 19, 20, 3, 12
2019/2/7, 155, , 26, 33, 5, 14
2019/2/8, 160, , 32, 25, 7, 8
2019/2/9, 144, , 37, 32, 5, 16
2019/2/10, 165, , 41, 46, 10, 19
2019/2/11, 219, , 52, 57, 10, 34
2019/2/12, 270, , 54, 42, 7, 21
2019/2/13, 249, , 18, 35, 5, 21
2019/2/14, 216, , 28, 19, 5, 10
2019/2/15, 160, , 27, 21, 2, 10
2019/2/16, 165, , 31, 22, 2, 11
2019/2/17, 170, , 38, 31, 9, 14
2019/2/18, 167, , 28, 42, 9, 13
2019/2/19, 178, , 29, 36, 5, 21
2019/2/20, 182, , 30, 28, 5, 15
2019/2/21, 169, , 35, 20, 4, 11
2019/2/22, 158, , 35, 18, 3, 7
2019/2/23, 117, , 34, 26, 8, 11
2019/2/24, 148, , 53, 40, 9, 16
2019/2/25, 190, , 31, 20, 4, 11
2019/2/26, 128, , 30, 16, 4, 7
2019/2/27, 83, , 34, 22, 2, 11
2019/2/28, 97, , 40, 33, 7, 20
2019/3/1, 161, , 38, 35, 5, 18
2019/3/2, 183, , 24, 19, 3, 12
2019/3/3, 148, , 30, 25, 6, 15
2019/3/4, 153, , 30, 21, 2, 10
2019/3/5, 146, , 34, 21, 3, 8
2019/3/6, 122, , 40, 32, 9, 15
2019/3/7, 138, , 42, 38, 12, 20
2019/3/8, 149, , 37, 37, 13, 18
2019/3/9, 158, , 39, 19, 4, 8
2019/3/10, 135, , 39, 25, 5, 12
2019/3/11, 147, , 38, 25, 5, 11
2019/3/12, 145, , 38, 21, 4, 10
2019/3/13, 140, , 33, 27, 5, 13
2019/3/14, 149, , 35, 15, 2, 7
2019/3/15, 104, , 33, 12, 4, 5
2019/3/16, 123, , , , , 
2019/3/19, 133, , 37, 34, 8, 20
2019/3/20, 152, , 37, 17, 5, 20
2019/3/21, 162, , 35, 11, 4, 6
2019/3/22, 105, , 41, 14, 5, 5
2019/3/23, 91, , 38, 24, 11, 17
2019/3/24, 119, , 17, 42, 10, 26
2019/3/25, 181, , , , , 
2019/3/28, 128, , 19, 38, 4, 22
2019/3/29, 169, , 18, 46, 4, 26
2019/3/30, 179, , 14, 26, 3, 22
2019/3/31, 138, , 22, 27, 4, 20
2018/10/3, 143, , , , , 
2018/10/7, 151, , 15, 36, 16, 47
2018/10/8, 173, , 13, 37, 12, 46
2018/10/9, 159, , 17, 22, 7, 18
2018/10/10, 162, , 16, 21, 5, 18
2018/10/11, 166, , 28, 25, 11, 30
2018/10/12, 146, , 24, 31, 3, 26
2018/10/13, 144, , 18, 34, 3, 27
2018/10/14, 168, , 16, 50, 12, 43
2018/10/15, 216, , 22, 46, 9, 50
2018/10/16, 184, , 22, 46, 4, 37
2018/10/17, 175, , 20, 38, 15, 59
2018/10/18, 246, , 13, 32, 6, 37
2018/10/19, 206, , 19, 37, 14, 54
2018/10/20, 215, , 18, 27, 4, 18
2018/10/21, 196, , 18, 31, 3, 23
2018/10/22, 193, , 22, 44, 15, 32
2018/10/23, 313, , 19, 46, 23, 50
2018/10/24, 276, , 18, 50, 7, 34
2018/10/25, 309, , 23, 41, 5, 30
2018/10/26, 273, , 33, 43, 5, 36
2018/10/27, 352, , 21, 40, 5, 37
2018/10/28, 337, , 18, 43, 8, 49
2018/10/29, 340, , 26, 47, 5, 41
2018/10/30, 301, , 16, 42, 5, 44
2018/10/31, 309, , 20, 48, 6, 53
2018/11/1, 319, , 18, 57, 6, 51
2018/11/2, 355, , 32, 42, 3, 27
2018/11/3, 271, , 17, 30, 3, 19
2018/11/4, 280, , 17, 35, 3, 25
2018/11/5, 278, , , , , 
2018/11/13, 232, , 18, 39, 11, 44
2018/11/14, 208, , 36, 39, 15, 55
2018/11/15, 200, , 27, 29, 3, 17
2018/11/16, 168, , 46, 38, 14, 22
2018/11/17, 206, , 54, 55, 10, 34
2018/11/18, 282, , 58, 48, 11, 30
2018/11/19, 230, , 56, 53, 12, 48
2018/11/20, 256, , 50, 60, 28, 69
2018/11/21, 296, , 53, 58, 9, 45
2018/11/22, 244, , 38, 45, 16, 36
2018/11/23, 200, , 43, 37, 13, 33
2018/11/24, 188, , 43, 49, 6, 26
2018/11/25, 197, , 47, 54, 7, 50
2018/11/26, 257, , 49, 55, 20, 61
2018/11/27, 271, , 40, 40, 5, 24
2018/11/28, 246, , 38, 50, 5, 17
2018/11/29, 203, , 43, 52, 16, 19
2018/11/30, 280, , 37, 48, 6, 18
2018/12/1, 234, , 25, 62, 10, 25
2018/12/2, 244, , 45, 67, 22, 25
2018/12/3, 265, , 49, 65, 8, 28
2018/12/4, 283, , 16, 56, 3, 16
2018/12/5, 252, , 3, 99, 19, 21
2018/12/6, 331, , 27, 55, 9, 31
2018/12/7, 238, , 37, 59, 16, 16
2018/12/8, 281, , 39, 59, 10, 22
2018/12/9, 283, , 31, 59, 12, 35
2018/12/10, 314, , 27, 37, 4, 20
2018/12/11, 283, , , , , 
2018/12/15, 208, , 38, 49, 7, 22
2018/12/16, 225, , 36, 48, 8, 30
2018/12/17, 268, , 32, 48, 6, 26
2018/12/18, 228, , 38, 47, 19, 19
2018/12/19, 261, , 40, 48, 14, 19
2018/12/20, 269, , 37, 49, 15, 16
2018/12/21, 291, , 38, 56, 18, 29
2018/12/22, 369, , 41, 41, 7, 17
2018/12/23, 291, , 39, 49, 8, 22
2018/12/24, 287, , 41, 43, 7, 21
2018/12/25, 261, , 33, 43, 9, 18
2018/12/26, 290, , 37, 47, 11, 21
2018/12/27, 269, , 36, 37, 7, 17
2018/12/28, 235, , 35, 40, 8, 11
2018/12/29, 278, , 39, 57, 13, 22
2018/12/30, 379, , , , , 
2018/7/1, 138, , 7, 21, 6, 17
2018/7/2, 126, , 7, 15, 3, 13
2018/7/3, 109, , , , , 
2018/7/5, 83, , 28, 22, 4, 18
2018/7/6, 109, , 16, 22, 4, 15
2018/7/7, 151, , 16, 17, 3, 13
2018/7/8, 144, , 8, 12, 3, 9
2018/7/9, 102, , , , , 
2018/7/12, 84, , 2, 15, 2, 17
2018/7/13, 76, , 13, 12, 3, 17
2018/7/14, 77, , 10, 10, 2, 18
2018/7/15, 85, , 11, 20, 2, 16
2018/7/16, 84, , 9, 18, 3, 11
2018/7/17, 69, , 9, 17, 2, 12
2018/7/18, 82, , 8, 15, 2, 18
2018/7/19, 89, , 8, 15, 2, 14
2018/7/20, 95, , 6, 17, 2, 18
2018/7/21, 91, , 153, 14, 2, 12
2018/7/22, 67, , 156, 13, 2, 16
2018/7/23, 71, , 7, 11, 2, 17
2018/7/24, 83, , 6, 12, 3, 23
2018/7/25, 69, , 9, 18, 2, 20
2018/7/26, 59, , 4, 14, 2, 17
2018/7/27, 116, , 8, 15, 3, 22
2018/7/28, 109, , 5, 13, 3, 26
2018/7/29, 125, , 5, 15, 2, 22
2018/7/30, 65, , 12, 18, 2, 24
2018/7/31, 85, , 12, 17, 2, 32
2018/8/1, 98, , 12, 20, 3, 36
2018/8/2, 129, , 5, 17, 3, 26
2018/8/3, 143, , 6, 18, 3, 30
2018/8/4, 147, , 4, 19, 2, 20
2018/8/5, 150, , 6, 18, 2, 21
2018/8/6, 144, , 34, 14, 5, 27
2018/8/7, 103, , 19, 12, 2, 12
2018/8/8, 88, , 10, 14, 8, 24
2018/8/9, 103, , 18, 19, 2, 17
2018/8/10, 114, , 5, 19, 2, 17
2018/8/11, 99, , 7, 17, 2, 13
2018/8/12, 92, , 7, 17, 2, 12
2018/8/13, 97, , 11, 18, 3, 18
2018/8/14, 94, , 8, 14, 2, 14
2018/8/15, 90, , 3, 10, 2, 13
2018/8/16, 72, , 8, 20, 2, 13
2018/8/17, 85, , 12, 18, 2, 15
2018/8/18, 105, , 23, 22, 8, 27
2018/8/19, 137, , 12, 18, 2, 16
2018/8/20, 81, , 9, 16, 2, 12
2018/8/21, 83, , 12, 14, 2, 11
2018/8/22, 108, , 12, 16, 2, 16
2018/8/23, 82, , 6, 18, 2, 19
2018/8/24, 75, , 9, 20, 2, 21
2018/8/25, 78, , 9, 18, 2, 17
2018/8/26, 79, , 23, 18, 2, 19
2018/8/27, 100, , 9, 17, 2, 14
2018/8/28, 94, , 9, 16, 2, 15
2018/8/29, 94, , 9, 20, 2, 19
2018/8/30, 95, , 9, 17, 6, 15
2018/8/31, 76, , 11, 18, 3, 17
2018/9/1, 101, , 9, 16, 2, 15
2018/9/2, 92, , 10, 18, 3, 17
2018/9/3, 86, , 9, 20, 3, 21
2018/9/4, 97, , 19, 14, 3, 18
2018/9/5, 60, , 14, 13, 3, 19
2018/9/6, 115, , 10, 14, 2, 19
2018/9/7, 77, , 10, 10, 11, 22
2018/9/8, 72, , 11, 11, 2, 10
2018/9/9, 79, , 9, 12, 4, 13
2018/9/10, 95, , 9, 16, 3, 20
2018/9/11, 123, , 7, 16, 4, 18
2018/9/12, 99, , 16, 16, 3, 20
2018/9/13, 97, , 27, 22, 4, 25
2018/9/14, 94, , 14, 20, 14, 36
2018/9/15, 102, , 13, 22, 18, 48
2018/9/16, 118, , 8, 25, 5, 35
2018/9/17, 119, , 26, 26, 12, 40
2018/9/18, 145, , 29, 25, 2, 21
2018/9/19, 152, , 28, 26, 2, 20
2018/9/20, 153, , 11, 14, 2, 12
2018/9/21, 63, , 15, 12, 2, 11
2018/9/22, 95, , 4, 13, 2, 15
2018/9/23, 129, , 16, 23, 6, 22
2018/9/24, 127, , 19, 20, 2, 20
2018/9/25, 97, , 22, 21, 8, 35
2018/9/26, 100, , 25, 28, 9, 38
2018/9/27, 151, , 10, 27, 12, 39
2018/9/28, 166, , 13, 30, 11, 41
2018/9/29, 151, , 3, 38, 6, 52
2018/9/30, 168, , , , , 
2018/4/1, 141, , 21, 19, 4, 13
2018/4/2, 158, , 24, 27, 5, 21
2018/4/3, 144, , 24, 33, 6, 32
2018/4/4, 157, , 21, 25, 4, 20
2018/4/5, 131, , 19, 20, 4, 17
2018/4/6, 150, , 21, 18, 14, 23
2018/4/7, 127, , 21, 18, 2, 13
2018/4/8, 102, , 24, 23, 16, 28
2018/4/9, 150, , 20, 29, 16, 41
2018/4/10, 123, , 18, 31, 6, 22
2018/4/11, 130, , 17, 29, 8, 26
2018/4/12, 96, , 27, 35, 13, 24
2018/4/13, 132, , 31, 35, 17, 35
2018/4/14, 125, , 22, 45, 18, 49
2018/4/15, 154, , 28, 40, 12, 42
2018/4/16, 137, , 25, 37, 6, 32
2018/4/17, 146, , 24, 36, 9, 26
2018/4/18, 119, , 18, 39, 19, 48
2018/4/19, 146, , 16, 40, 6, 42
2018/4/20, 158, , 13, 25, 9, 28
2018/4/21, 117, , 18, 25, 3, 24
2018/4/22, 118, , 19, 36, 8, 29
2018/4/23, 118, , 21, 42, 11, 35
2018/4/24, 134, , 20, 49, 12, 63
2018/4/25, 158, , 16, 45, 5, 35
2018/4/26, 146, , 20, 20, 7, 14
2018/4/27, 148, , 22, 19, 4, 14
2018/4/28, 149, , 20, 27, 4, 21
2018/4/29, 153, , 20, 17, 3, 11
2018/4/30, 128, , 20, 15, 3, 9
2018/5/1, 115, , 19, 16, 3, 17
2018/5/2, 127, , 17, 17, 2, 12
2018/5/3, 88, , 33, 18, 6, 27
2018/5/4, 111, , 17, 31, 5, 31
2018/5/5, 158, , 22, 23, 3, 18
2018/5/6, 150, , 19, 34, 5, 28
2018/5/7, 145, , 16, 35, 5, 22
2018/5/8, 142, , 18, 18, 3, 12
2018/5/9, 118, , 21, 26, 4, 19
2018/5/10, 117, , 23, 38, 9, 28
2018/5/11, 172, , 23, 21, 4, 14
2018/5/12, 167, , 21, 14, 3, 8
2018/5/13, 148, , 31, 15, 3, 8
2018/5/14, 104, , 33, 22, 3, 15
2018/5/15, 130, , 21, 25, 3, 18
2018/5/16, 147, , 19, 26, 4, 15
2018/5/17, 160, , 30, 21, 3, 14
2018/5/18, 163, , 22, 22, 3, 16
2018/5/19, 165, , 25, 26, 4, 15
2018/5/20, 168, , 26, 32, 8, 20
2018/5/21, 183, , 19, 48, 20, 60
2018/5/22, 160, , 22, 36, 5, 22
2018/5/23, 179, , 16, 23, 3, 11
2018/5/24, 178, , 21, 39, 4, 20
2018/5/25, 120, , 23, 44, 15, 32
2018/5/26, 185, , 29, 27, 4, 15
2018/5/27, 169, , 34, 21, 5, 13
2018/5/28, 171, , 21, 17, 11, 22
2018/5/29, 156, , 18, 16, 3, 11
2018/5/30, 147, , 19, 15, 3, 10
2018/5/31, 158, , 19, 18, 2, 8
2018/6/1, 116, , 20, 18, 3, 10
2018/6/2, 134, , 21, 17, 3, 10
2018/6/3, 148, , 29, 18, 3, 13
2018/6/4, 152, , 22, 16, 3, 11
2018/6/5, 156, , 17, 15, 3, 12
2018/6/6, 155, , 19, 17, 4, 11
2018/6/7, 154, , 19, 14, 3, 10
2018/6/8, 142, , 31, 14, 3, 11
2018/6/9, 141, , 19, 14, 3, 11
2018/6/10, 118, , 20, 21, 5, 16
2018/6/11, 135, , 13, 24, 8, 16
2018/6/12, 153, , 17, 21, 5, 11
2018/6/13, 138, , 9, 35, 5, 29
2018/6/14, 156, , 10, 24, 11, 17
2018/6/15, 152, , 11, 23, 12, 18
2018/6/16, 143, , 13, 17, 8, 10
2018/6/17, 149, , 14, 21, 6, 23
2018/6/18, 151, , 17, 25, 4, 24
2018/6/19, 139, , 17, 31, 5, 29
2018/6/20, 155, , 18, 32, 11, 35
2018/6/21, 149, , 19, 25, 4, 20
2018/6/22, 158, , 21, 27, 5, 19
2018/6/23, 134, , 19, 22, 4, 19
2018/6/24, 134, , 18, 23, 9, 18
2018/6/25, 146, , 21, 16, 4, 12
2018/6/26, 120, , 18, 15, 3, 12
2018/6/27, 100, , 15, 15, 3, 9
2018/6/28, 79, , 11, 16, 10, 7
2018/6/29, 100, , 9, 18, 6, 14
2018/6/30, 99, , 6, 21, 5, 17
2018/1/1, 278, , 12, 27, 2, 21
2018/1/2, 277, , 8, 42, 2, 38
2018/1/3, 296, , 11, 37, 3, 41
2018/1/4, 384, , 8, 37, 7, 37
2018/1/5, 326, , 9, 46, 19, 65
2018/1/6, 335, , 11, 63, 6, 63
2018/1/7, 346, , 16, 51, 18, 53
2018/1/8, 303, , 11, 40, 12, 56
2018/1/9, 353, , 17, 50, 18, 56
2018/1/10, 370, , 28, 46, 5, 60
2018/1/11, 365, , 21, 44, 7, 45
2018/1/12, 371, , 28, 45, 13, 75
2018/1/13, 402, , 14, 62, 9, 82
2018/1/14, 411, , 13, 52, 5, 37
2018/1/15, 260, , 36, 46, 13, 34
2018/1/16, 264, , 27, 44, 3, 30
2018/1/17, 290, , 16, 45, 7, 50
2018/1/18, 327, , 12, 60, 8, 48
2018/1/19, 314, , 12, 53, 15, 34
2018/1/20, 231, , 16, 46, 5, 25
2018/1/21, 241, , 15, 55, 5, 43
2018/1/22, 306, , 13, 49, 4, 37
2018/1/23, 264, , 13, 31, 3, 17
2018/1/24, 190, , 10, 31, 4, 20
2018/1/25, 248, , 14, 39, 6, 32
2018/1/26, 285, , 12, 38, 4, 33
2018/1/27, 278, , 15, 49, 5, 34
2018/1/28, 301, , 13, 49, 7, 36
2018/1/29, 296, , 12, 35, 4, 21
2018/1/30, 198, , 15, 29, 3, 15
2018/1/31, 165, , 15, 34, 3, 18
2018/2/1, 165, , 13, 46, 9, 35
2018/2/2, 195, , 13, 57, 5, 36
2018/2/3, 212, , 15, 33, 3, 17
2018/2/4, 169, , 18, 35, 4, 19
2018/2/5, 183, , 16, 32, 4, 17
2018/2/6, 182, , 17, 27, 5, 15
2018/2/7, 179, , 17, 35, 5, 17
2018/2/8, 166, , 19, 36, 4, 18
2018/2/9, 165, , 16, 45, 5, 30
2018/2/10, 161, , 12, 51, 7, 32
2018/2/11, 204, , 13, 21, 2, 10
2018/2/12, 168, , 20, 19, 2, 10
2018/2/13, 155, , 19, 21, 2, 14
2018/2/14, 130, , 22, 27, 2, 12
2018/2/15, 145, , 18, 30, 4, 16
2018/2/16, 162, , 20, 36, 5, 20
2018/2/17, 167, , 19, 43, 6, 24
2018/2/18, 171, , 19, 40, 4, 19
2018/2/19, 160, , 22, 48, 11, 37
2018/2/20, 199, , 17, 65, 9, 59
2018/2/21, 214, , 15, 59, 7, 41
2018/2/22, 191, , 16, 45, 5, 33
2018/2/23, 177, , 16, 31, 5, 20
2018/2/24, 162, , 14, 30, 4, 24
2018/2/25, 180, , 11, 22, 3, 14
2018/2/26, 136, , 15, 27, 5, 18
2018/2/27, 145, , 15, 30, 5, 25
2018/2/28, 161, , 14, 38, 5, 33
2018/3/1, 159, , 15, 26, 4, 33
2018/3/2, 212, , 15, 15, 4, 23
2018/3/3, 155, , 7, 27, 4, 35
2018/3/4, 175, , 11, 25, 3, 19
2018/3/5, 109, , 17, 21, 3, 12
2018/3/6, 127, , 19, 26, 4, 18
2018/3/7, 132, , 22, 29, 5, 18
2018/3/8, 143, , 18, 31, 8, 20
2018/3/9, 164, , 15, 36, 8, 24
2018/3/10, 144, , 15, 28, 8, 21
2018/3/11, 139, , 16, 34, 14, 23
2018/3/12, 149, , 16, 38, 20, 36
2018/3/13, 160, , 16, 39, 6, 29
2018/3/14, 163, , 14, 30, 5, 18
2018/3/15, 149, , 16, 22, 4, 15
2018/3/16, 138, , 15, 28, 8, 17
2018/3/17, 139, , 18, 25, 4, 17
2018/3/18, 123, , 21, 35, 12, 24
2018/3/19, 163, , 17, 31, 11, 26
2018/3/20, 148, , 16, 37, 13, 31
2018/3/21, 188, , 17, 26, 5, 15
2018/3/22, 148, , 16, 25, 4, 14
2018/3/23, 139, , 19, 23, 4, 13
2018/3/24, 137, , 19, 24, 3, 14
2018/3/25, 125, , 19, 27, 4, 18
2018/3/26, 131, , 19, 32, 10, 23
2018/3/27, 145, , 19, 41, 9, 40
2018/3/28, 150, , 19, 33, 8, 28
2018/3/29, 139, , 20, 33, 7, 18
2018/3/30, 149, , 23, 15, 3, 8
2018/3/31, 117, , 22, 15, 2, 9
2017/10/1, 217, , 14, 26, 1, 29
2017/10/2, 193, , 15, 26, 3, 32
2017/10/3, 200, , 9, 20, 1, 20
2017/10/4, 165, , 9, 21, 1, 20
2017/10/5, 151, , 9, 23, 9, 38
2017/10/6, 157, , 12, 31, 1, 26
2017/10/7, 182, , 11, 24, 1, 19
2017/10/8, 172, , 12, 20, 7, 13
2017/10/9, 155, , 12, 23, 8, 23
2017/10/10, 161, , 26, 19, 4, 36
2017/10/11, 162, , 11, 19, 1, 28
2017/10/12, 184, , 10, 33, 3, 38
2017/10/13, 209, , 13, 36, 5, 43
2017/10/14, 246, , 9, 32, 4, 39
2017/10/15, 220, , 7, 37, 6, 64
2017/10/16, 302, , 9, 47, 4, 43
2017/10/17, 294, , 28, 61, 5, 30
2017/10/18, 275, , 10, 33, 5, 20
2017/10/19, 230, , 6, 25, 2, 13
2017/10/20, 228, , 7, 31, 2, 22
2017/10/21, 199, , 12, 33, 3, 37
2017/10/22, 279, , 7, 31, 2, 28
2017/10/23, 217, , 6, 47, 2, 36
2017/10/24, 259, , 9, 51, 6, 46
2017/10/25, 349, , 9, 40, 2, 34
2017/10/26, 365, , 10, 36, 2, 38
2017/10/27, 381, , 11, 36, 2, 34
2017/10/28, 417, , 11, 30, 1, 24
2017/10/29, 205, , 2, 42, 1, 57
2017/10/30, 366, , 5, 29, 1, 30
2017/10/31, 217, , 9, 30, 1, 24
2017/11/1, 234, , 9, 38, 1, 26
2017/11/2, 234, , 7, 30, 1, 23
2017/11/3, 210, , 7, 30, 1, 24
2017/11/4, 281, , 9, 29, 1, 34
2017/11/5, 231, , 7, 40, 1, 41
2017/11/6, 205, , 3, 40, 2, 36
2017/11/7, 277, , 6, 49, 13, 62
2017/11/8, 351, , 8, 36, 1, 39
2017/11/9, 358, , 9, 32, 8, 55
2017/11/10, 426, , 9, 31, 4, 36
2017/11/11, 284, , 10, 35, 1, 46
2017/11/12, 343, , 8, 45, 2, 63
2017/11/13, 388, , 8, 43, 3, 48
2017/11/14, 333, , 11, 34, 2, 37
2017/11/15, 279, , 8, 33, 4, 26
2017/11/16, 250, , 10, 27, 1, 24
2017/11/17, 290, , 8, 27, 1, 27
2017/11/18, 249, , , , , 
2017/11/20, 405, , 9, 32, 1, 26
2017/11/21, 317, , 5, 27, 2, 27
2017/11/22, 317, , 4, 24, 1, 20
2017/11/23, 258, , 4, 38, 1, 34
2017/11/24, 292, , 10, 54, 3, 58
2017/11/25, 316, , 11, 59, 4, 52
2017/11/26, 363, , 8, 55, 2, 43
2017/11/27, 288, , 27, 69, 7, 50
2017/11/28, 370, , 8, 61, 3, 37
2017/11/29, 309, , 7, 76, 13, 57
2017/11/30, 322, , 8, 68, 3, 54
2017/12/1, 331, , 10, 45, 4, 41
2017/12/2, 284, , 7, 53, 2, 47
2017/12/3, 308, , 5, 53, 2, 47
2017/12/4, 333, , 7, 43, 4, 26
2017/12/5, 276, , 17, 49, 4, 33
2017/12/6, 291, , 8, 33, 3, 25
2017/12/7, 175, , 20, 31, 19, 17
2017/12/8, 190, , , , , 
2017/12/14, 189, , 7, 37, 3, 31
2017/12/15, 206, , 13, 36, 3, 26
2017/12/16, 196, , 14, 35, 3, 23
2017/12/17, 185, , 23, 43, 7, 34
2017/12/18, 230, , 11, 45, 17, 50
2017/12/19, 381, , 27, 48, 5, 67
2017/12/20, 428, , 14, 51, 7, 57
2017/12/21, 343, , 7, 40, 3, 37
2017/12/22, 293, , 10, 38, 4, 27
2017/12/23, 185, , 13, 44, 4, 34
2017/12/24, 216, , 11, 42, 2, 34
2017/12/25, 255, , 12, 46, 3, 39
2017/12/26, 304, , 16, 58, 12, 58
2017/12/27, 360, , 10, 62, 9, 70
2017/12/28, 449, , 7, 58, 4, 61
2017/12/29, 442, , 10, 34, 14, 52
2017/12/30, 269, , 2, 50, 4, 44
2017/12/31, 329, , 8, 27, 2, 22
2017/7/1, 91, , 6, 18, 2, 14
2017/7/2, 84, , 5, 20, 2, 21
2017/7/3, 90, , 5, 20, 1, 18
2017/7/4, 104, , 6, 13, , 12
2017/7/5, 74, , 3, 24, 8, 33
2017/7/6, 118, , 4, 20, 7, 39
2017/7/7, 127, , 4, 19, 7, 34
2017/7/8, 107, , 1, 17, 1, 17
2017/7/9, 114, , 2, 21, 1, 21
2017/7/10, 88, , 2, 13, 4, 13
2017/7/11, 78, , 3, 13, 1, 12
2017/7/12, 80, , 5, 14, , 10
2017/7/13, 96, , 6, 17, 3, 13
2017/7/14, 116, , 4, 20, 1, 18
2017/7/15, 129, , 6, 19, , 15
2017/7/16, 118, , 6, 20, 1, 16
2017/7/17, 115, , 18, 18, 1, 14
2017/7/18, 98, , 3, 12, , 10
2017/7/19, 124, , 2, 11, 1, 16
2017/7/20, 110, , 4, 13, 1, 12
2017/7/21, 155, , 4, 16, 1, 16
2017/7/22, 176, , 4, 14, 1, 16
2017/7/23, 161, , 6, 16, 7, 31
2017/7/24, 94, , 6, 17, 7, 35
2017/7/25, 100, , 5, 12, 7, 31
2017/7/26, 128, , 4, 12, , 11
2017/7/27, 161, , 5, 14, 1, 13
2017/7/28, 172, , 12, 17, 4, 18
2017/7/29, 142, , 5, 19, 1, 19
2017/7/30, 186, , 4, 21, 1, 23
2017/7/31, 133, , 3, 18, 1, 22
2017/8/1, 119, , 3, 18, 1, 21
2017/8/2, 117, , 25, 15, 1, 19
2017/8/3, 119, , 2, 32, 2, 55
2017/8/4, 131, , 5, 23, 2, 28
2017/8/5, 184, , 4, 16, 1, 19
2017/8/6, 98, , 4, 15, 1, 16
2017/8/7, 82, , 6, 16, , 18
2017/8/8, 111, , 25, 18, 1, 24
2017/8/9, 102, , 2, 16, 5, 24
2017/8/10, 123, , 3, 18, 1, 23
2017/8/11, 116, , 2, 18, 3, 22
2017/8/12, 106, , 3, 17, 1, 17
2017/8/13, 86, , 3, 20, 1, 22
2017/8/14, 104, , 5, 21, 1, 19
2017/8/15, 117, , 5, 22, 1, 23
2017/8/16, 137, , 8, 22, 1, 19
2017/8/17, 136, , 6, 19, 3, 18
2017/8/18, 143, , 5, 14, 7, 27
2017/8/19, 117, , 5, 13, , 11
2017/8/20, 95, , 7, 14, 9, 27
2017/8/21, 104, , 7, 19, 5, 23
2017/8/22, 133, , 6, 17, 7, 36
2017/8/23, 126, , 3, 15, 1, 18
2017/8/24, 130, , 5, 15, 1, 16
2017/8/25, 115, , 4, 13, , 16
2017/8/26, 103, , 3, 12, 1, 13
2017/8/27, 103, , 3, 11, , 11
2017/8/28, 92, , 4, 11, 1, 14
2017/8/29, 114, , 7, 15, 5, 24
2017/8/30, 109, , 6, 16, 7, 34
2017/8/31, 87, , 31, 18, 1, 19
2017/9/1, 95, , 4, 16, 1, 15
2017/9/2, 157, , 4, 19, 1, 19
2017/9/3, 203, , 6, 20, 8, 35
2017/9/4, 208, , 6, 23, 2, 21
2017/9/5, 206, , 3, 19, 1, 17
2017/9/6, 182, , , , , 
2017/9/11, 192, , 11, 25, 9, 34
2017/9/12, 189, , 23, 24, 3, 17
2017/9/13, 181, , 9, 20, 1, 15
2017/9/14, 179, , 10, 21, 1, 14
2017/9/15, 167, , 32, 21, 1, 16
2017/9/16, 213, , 10, 18, 1, 15
2017/9/17, 177, , 8, 20, 1, 21
2017/9/18, 264, , 4, 16, 1, 16
2017/9/19, 161, , 10, 15, 7, 33
2017/9/20, 117, , 8, 11, , 13
2017/9/21, 96, , 5, 12, , 13
2017/9/22, 105, , 5, 12, , 13
2017/9/23, 111, , 6, 18, 1, 15
2017/9/24, 118, , 9, 18, 7, 34
2017/9/25, 126, , 9, 21, 1, 23
2017/9/26, 235, , 14, 22, 1, 24
2017/9/27, 178, , 7, 23, 2, 35
2017/9/28, 164, , 12, 27, 2, 28
2017/9/29, 189, , 12, 26, 1, 24
2017/9/30, 174, , 11, 26, 1, 23
2017/4/1, 279, , 4, 46, 4, 18
2017/4/2, 184, , 3, 54, 5, 21
2017/4/3, 213, , 6, 59, 4, 22
2017/4/4, 169, , 5, 36, 1, 11
2017/4/5, 246, , 5, 43, 1, 14
2017/4/6, 279, , 6, 55, 1, 17
2017/4/7, 314, , 5, 37, 1, 11
2017/4/8, 236, , , , , 
2017/4/10, 138, , 5, 48, 1, 16
2017/4/11, 139, , 3, 59, 6, 28
2017/4/12, 157, , 3, 50, 7, 32
2017/4/13, 167, , 9, 55, 2, 20
2017/4/14, 168, , 7, 62, 2, 24
2017/4/15, 172, , 7, 46, 1, 17
2017/4/16, 149, , 5, 48, 1, 16
2017/4/17, 172, , 7, 57, 1, 25
2017/4/18, 173, , 8, 68, 1, 27
2017/4/19, 167, , 10, 56, 2, 22
2017/4/20, 172, , 9, 45, 1, 13
2017/4/21, 149, , 6, 50, 1, 28
2017/4/22, 176, , 11, 39, 1, 19
2017/4/23, 171, , 5, 53, 1, 19
2017/4/24, 151, , 4, 53, 1, 16
2017/4/25, 132, , 3, 85, 1, 19
2017/4/26, 135, , 2, 88, 4, 24
2017/4/27, 153, , 4, 105, 4, 24
2017/4/28, 171, , 8, 114, 3, 25
2017/4/29, 201, , 6, 94, 1, 20
2017/4/30, 159, , 5, 79, 1, 20
2017/5/1, 162, , 4, 87, 17, 52
2017/5/2, 190, , 5, 76, 10, 42
2017/5/3, 205, , 3, 82, 4, 19
2017/5/4, 167, , 7, 86, 8, 33
2017/5/5, 221, , 7, 90, 8, 34
2017/5/6, 317, , 14, 73, 2, 32
2017/5/7, 197, , 9, 65, 4, 18
2017/5/8, 265, , 11, 48, 5, 13
2017/5/9, 221, , 10, 49, 3, 14
2017/5/10, 203, , 9, 54, 3, 25
2017/5/11, 169, , 15, 55, 4, 19
2017/5/12, 264, , 16, 57, 4, 22
2017/5/13, 241, , 13, 71, 3, 39
2017/5/14, 172, , 15, 65, 2, 35
2017/5/15, 216, , 12, 57, 6, 30
2017/5/16, 152, , 16, 44, 1, 14
2017/5/17, 148, , 12, 35, 1, 16
2017/5/18, 214, , 9, 45, 2, 19
2017/5/19, 244, , 12, 58, 2, 21
2017/5/20, 332, , 18, 48, 2, 22
2017/5/21, 321, , 12, 48, 2, 23
2017/5/22, 313, , 16, 43, 4, 22
2017/5/23, 321, , 11, 57, 3, 27
2017/5/24, 329, , 10, 62, 6, 29
2017/5/25, 205, , 17, 55, 2, 24
2017/5/26, 224, , 24, 33, 6, 17
2017/5/27, 212, , 21, 31, 1, 13
2017/5/28, 348, , 11, 34, 3, 18
2017/5/29, 215, , 17, 34, 3, 14
2017/5/30, 186, , 17, 32, 3, 14
2017/5/31, 176, , 11, 36, 4, 15
2017/6/1, 156, , 11, 34, 3, 21
2017/6/2, 140, , 8, 49, 8, 25
2017/6/3, 155, , 19, 51, 3, 26
2017/6/4, 165, , 6, 47, 3, 26
2017/6/5, 169, , 14, 34, 1, 14
2017/6/6, 145, , 12, 32, 1, 16
2017/6/7, 133, , 7, 33, 1, 19
2017/6/8, 175, , 10, 33, 4, 19
2017/6/9, 145, , 15, 35, 1, 25
2017/6/10, 181, , 19, 33, 1, 21
2017/6/11, 179, , 15, 35, 1, 24
2017/6/12, 170, , 9, 41, 3, 28
2017/6/13, 191, , 7, 45, 2, 27
2017/6/14, 217, , 11, 31, 3, 18
2017/6/15, 276, , 18, 21, 1, 12
2017/6/16, 153, , 9, 36, 1, 23
2017/6/17, 153, , 13, 28, 1, 17
2017/6/18, 130, , 7, 35, 3, 21
2017/6/19, 221, , 10, 32, 3, 20
2017/6/20, 207, , 9, 28, 8, 34
2017/6/21, 132, , 13, 34, 2, 14
2017/6/22, 134, , 9, 41, 7, 22
2017/6/23, 172, , 11, 42, 4, 36
2017/6/24, 302, , 25, 27, 1, 16
2017/6/25, 160, , 22, 23, 7, 29
2017/6/26, 120, , 16, 21, 1, 12
2017/6/27, 171, , 11, 20, 1, 12
2017/6/28, 103, , 10, 23, 1, 16
2017/6/29, 95, , 5, 29, 1, 19
2017/6/30, 128, , 2, 24, 4, 19
2017/1/2, 243, , 5, 25, 1, 19
2017/1/3, 393, , 4, 20, 1, 24
2017/1/4, 395, , 7, 28, 2, 53
2017/1/5, 450, , 6, 23, 1, 25
2017/1/6, 487, , 5, 21, , 14
2017/1/7, 412, , 4, 19, 1, 17
2017/1/8, 412, , 5, 22, 1, 21
2017/1/9, 411, , 5, 22, 1, 11
2017/1/10, 386, , 5, 27, 1, 15
2017/1/11, 329, , 5, 35, 2, 19
2017/1/12, 271, , 4, 38, 3, 27
2017/1/13, 335, , 5, 42, 4, 35
2017/1/14, 378, , 5, 38, 3, 46
2017/1/15, 403, , 6, 40, 3, 65
2017/1/16, 478, , 5, 30, 1, 25
2017/1/17, 327, , 4, 29, 1, 17
2017/1/18, 258, , 3, 29, 1, 13
2017/1/19, 335, , 4, 30, 1, 15
2017/1/20, 225, , 4, 31, 1, 18
2017/1/21, 264, , 3, 35, 2, 26
2017/1/22, 277, , 4, 32, 1, 21
2017/1/23, 311, , 4, 33, 2, 30
2017/1/24, 272, , 6, 39, 3, 48
2017/1/25, 518, , 5, 33, 1, 18
2017/1/26, 688, , 5, 25, , 9
2017/1/27, 282, , 6, 25, 1, 13
2017/1/28, 174, , 3, 26, 1, 16
2017/1/29, 215, , 5, 29, 1, 29
2017/1/30, 305, , 6, 25, 2, 28
2017/1/31, 332, , 6, 29, 2, 29
2017/2/1, 340, , 5, 34, 1, 27
2017/2/2, 321, , 6, 38, 2, 28
2017/2/3, 305, , 6, 42, 3, 41
2017/2/4, 332, , 6, 33, 1, 16
2017/2/5, 310, , 6, 27, 1, 13
2017/2/6, 276, , 8, 21, , 10
2017/2/7, 179, , 9, 32, 1, 20
2017/2/8, 504, , 15, 31, 1, 20
2017/2/9, 251, , 21, 35, 1, 15
2017/2/10, 212, , 6, 38, 4, 26
2017/2/11, 238, , 7, 42, 1, 22
2017/2/12, 385, , 7, 41, 1, 19
2017/2/13, 196, , 5, 44, 1, 20
2017/2/14, 313, , 4, 54, 6, 30
2017/2/15, 385, , 4, 46, 4, 28
2017/2/16, 351, , 2, 25, 2, 14
2017/2/17, 292, , , , , 
2017/2/26, 258, , 3, 48, 4, 19
2017/2/27, 253, , 4, 56, 4, 29
2017/2/28, 206, , 6, 54, 4, 28
2017/3/1, 248, , 5, 38, 2, 15
2017/3/2, 168, , 4, 28, 1, 10
2017/3/3, 168, , 3, 31, 1, 11
2017/3/4, 208, , 5, 30, 1, 13
2017/3/5, 238, , 4, 35, 3, 13
2017/3/6, 251, , 4, 47, 9, 21
2017/3/7, 300, , 7, 39, 2, 16
2017/3/8, 273, , 5, 39, 1, 15
2017/3/9, 323, , 5, 29, 1, 9
2017/3/10, 207, , 4, 31, 1, 8
2017/3/11, 152, , 5, 34, 1, 8
2017/3/12, 193, , 5, 27, 1, 10
2017/3/13, 218, , 6, 26, 1, 10
2017/3/14, 190, , 5, 36, 2, 11
2017/3/15, 242, , 6, 53, 4, 18
2017/3/16, 180, , 7, 41, 2, 15
2017/3/17, 208, , 6, 36, 1, 15
2017/3/18, 178, , 5, 44, 1, 14
2017/3/19, 374, , 4, 42, 2, 15
2017/3/20, 202, , 4, 50, 5, 21
2017/3/21, 240, , 6, 55, 6, 24
2017/3/22, 261, , 6, 60, 3, 34
2017/3/23, 336, , 4, 53, 2, 28
2017/3/24, 238, , 3, 35, 1, 13
2017/3/25, 175, , 4, 41, 1, 14
2017/3/26, 145, , 4, 58, 1, 15
2017/3/27, 161, , 6, 74, 3, 27
2017/3/28, 285, , 4, 50, 2, 17
2017/3/29, 190, , 3, 51, 2, 15
2017/3/30, 185, , 3, 49, 3, 19
2017/3/31, 210, , 5, 53, 2, 27
2016/10/1, 150, , 5, 17, 1, 11
2016/10/2, 150, , 8, 18, 9, 29
2016/10/3, 150, , 12, 23, 10, 28
2016/10/4, 158, , 13, 19, 7, 27
2016/10/5, 191, , 9, 16, 1, 12
2016/10/6, 75, , 9, 19, 4, 17
2016/10/10, 178, , 32, 20, 4, 23
2016/10/11, 170, , 12, 24, 4, 28
2016/10/12, 176, , 9, 24, 10, 33
2016/10/13, 169, , 28, 28, 6, 28
2016/10/14, 177, , 11, 32, 6, 36
2016/10/15, 222, , 9, 31, 3, 40
2016/10/16, 259, , 26, 29, 6, 27
2016/10/17, 196, , 28, 27, 4, 20
2016/10/18, 195, , 27, 25, 1, 22
2016/10/19, 209, , 27, 28, 4, 27
2016/10/20, 241, , 26, 27, 5, 26
2016/10/21, 262, , 26, 23, 4, 20
2016/10/22, 164, , 11, 26, 4, 24
2016/10/23, 219, , 10, 27, 5, 28
2016/10/24, 268, , 25, 23, 6, 26
2016/10/25, 297, , 35, 22, 2, 25
2016/10/26, 321, , 28, 26, 2, 31
2016/10/27, 387, , 27, 28, 6, 44
2016/10/28, 388, , 29, 42, 9, 56
2016/10/29, 437, , 26, 33, 4, 36
2016/10/30, 448, , 26, 24, 10, 24
2016/10/31, 428, , 10, 24, 3, 26
2016/11/1, 296, , 11, 20, 4, 21
2016/11/2, 217, , 28, 26, 4, 26
2016/11/3, 190, , 24, 25, 4, 24
2016/11/4, 202, , 8, 22, 8, 36
2016/11/5, 206, , 31, 25, 2, 34
2016/11/6, 405, , 10, 27, 9, 42
2016/11/7, 336, , 28, 27, 8, 39
2016/11/8, 352, , 28, 29, 4, 29
2016/11/9, 302, , 13, 29, 8, 49
2016/11/10, 440, , 9, 30, 7, 62
2016/11/11, 408, , 13, 31, 9, 61
2016/11/12, 364, , 5, 24, 3, 43
2016/11/13, 324, , 8, 22, 6, 38
2016/11/14, 263, , 26, 26, 9, 50
2016/11/15, 258, , 8, 28, 4, 24
2016/11/16, 226, , 5, 23, 8, 32
2016/11/17, 298, , 9, 20, 4, 23
2016/11/18, 286, , 10, 31, 5, 35
2016/11/19, 334, , 4, 35, 3, 46
2016/11/20, 361, , 4, 24, 2, 41
2016/11/21, 254, , 7, 25, 5, 25
2016/11/22, 337, , 27, 30, 4, 21
2016/11/23, 361, , 9, 32, 4, 22
2016/11/24, 408, , 13, 26, 5, 13
2016/11/25, 407, , 9, 32, 1, 17
2016/11/26, 358, , 8, 28, 1, 19
2016/11/27, 257, , 8, 28, 3, 17
2016/11/28, 188, , 10, 36, 1, 24
2016/11/29, 274, , 25, 32, 1, 28
2016/11/30, 335, , 23, 27, 3, 28
2016/12/1, 377, , 4, 25, 3, 27
2016/12/2, 306, , 22, 25, 2, 26
2016/12/3, 306, , 24, 27, 3, 21
2016/12/4, 398, , 25, 30, 4, 38
2016/12/5, 418, , 23, 21, 3, 21
2016/12/6, 405, , 24, 24, 3, 19
2016/12/7, 411, , 22, 23, 5, 19
2016/12/8, 411, , 23, 23, 3, 18
2016/12/9, 308, , 23, 26, 3, 25
2016/12/10, 274, , 25, 29, 2, 46
2016/12/11, 306, , 31, 28, 2, 41
2016/12/12, 352, , 25, 31, 4, 42
2016/12/13, 297, , 26, 35, 4, 40
2016/12/14, 315, , 27, 30, 6, 34
2016/12/15, 235, , 6, 32, 1, 22
2016/12/16, 284, , 5, 35, 1, 23
2016/12/17, 294, , 7, 35, 1, 24
2016/12/18, 318, , 8, 32, 1, 18
2016/12/19, 273, , 8, 27, 1, 18
2016/12/20, 217, , 8, 25, 1, 13
2016/12/21, 186, , 7, 37, 1, 21
2016/12/22, 267, , 5, 38, 1, 40
2016/12/23, 373, , 5, 39, 3, 70
2016/12/24, 490, , 6, 34, 2, 37
2016/12/25, 359, , 7, 25, 1, 18
2016/12/26, 307, , 6, 36, 1, 26
2016/12/27, 290, , 7, 37, 1, 23
2016/12/28, 315, , 4, 26, , 16
2016/12/29, 291, , 7, 25, , 17
2016/12/30, 338, , 6, 26, 1, 20
2016/12/31, 270, , 6, 20, , 13
2017/1/1, 217, , 5, 22, 1, 15
2016/7/1, 106, , 11, 12, 1, 14
2016/7/2, 87, , 13, 10, , 12
2016/7/3, 90, , 8, 9, , 14
2016/7/4, 112, , 23, 9, , 10
2016/7/5, 172, , 18, 9, , 10
2016/7/6, 76, , 8, 9, , 12
2016/7/7, 78, , 5, 9, 1, 14
2016/7/8, 101, , 8, 10, , 13
2016/7/9, 102, , 7, 9, , 12
2016/7/10, 93, , 8, 10, , 13
2016/7/11, 116, , 7, 9, , 10
2016/7/12, 129, , 8, 10, , 9
2016/7/13, 98, , 6, 9, , 9
2016/7/14, 108, , 5, 9, , 11
2016/7/15, 107, , 9, 10, 1, 10
2016/7/16, 116, , 6, 7, , 9
2016/7/17, 66, , 7, 12, 1, 12
2016/7/18, 103, , 15, 13, 1, 20
2016/7/19, 249, , 6, 16, , 13
2016/7/20, 150, , 6, 18, , 10
2016/7/21, 184, , 7, 14, , 11
2016/7/22, 184, , 5, 6, , 9
2016/7/23, 127, , 1, 9, 1, 15
2016/7/24, 121, , 3, 20, 1, 11
2016/7/25, 155, , 3, 13, , 8
2016/7/26, 138, , 3, 10, 1, 7
2016/7/27, 127, , 3, 15, 1, 24
2016/7/28, 101, , 4, 17, 1, 17
2016/7/29, 101, , 6, 16, 1, 12
2016/7/30, 124, , 4, 17, 1, 11
2016/7/31, 100, , 32, 18, 1, 21
2016/8/1, 108, , 5, 20, 1, 9
2016/8/2, 114, , 5, 18, , 11
2016/8/3, 139, , 6, 18, 1, 9
2016/8/4, 137, , 4, 21, 1, 10
2016/8/5, 128, , 4, 20, 1, 8
2016/8/6, 111, , 4, 17, , 6
2016/8/7, 102, , 25, 15, 6, 18
2016/8/8, 107, , 7, 18, 3, 13
2016/8/9, 120, , 23, 19, 1, 13
2016/8/10, 125, , 5, 19, 1, 13
2016/8/11, 114, , 24, 20, 5, 16
2016/8/12, 139, , 8, 21, 1, 12
2016/8/13, 146, , 6, 18, 1, 13
2016/8/14, 107, , 3, 16, 1, 11
2016/8/15, 144, , 34, 22, 14, 36
2016/8/16, 147, , 8, 18, 9, 31
2016/8/17, 113, , 6, 18, 1, 12
2016/8/18, 114, , 10, 18, 8, 27
2016/8/19, 133, , 5, 18, 8, 24
2016/8/20, 116, , 7, 17, 1, 11
2016/8/21, 114, , 5, 19, 9, 27
2016/8/22, 146, , 9, 18, 3, 10
2016/8/23, 149, , 5, 19, 4, 14
2016/8/24, 117, , 9, 23, 8, 33
2016/8/25, 193, , 20, 21, 6, 21
2016/8/26, 144, , 7, 19, 2, 12
2016/8/27, 177, , 5, 21, 1, 14
2016/8/28, 165, , 28, 21, 9, 32
2016/8/29, 171, , 6, 21, 10, 29
2016/8/30, 157, , 8, 16, 9, 27
2016/8/31, 107, , 23, 13, 7, 28
2016/9/1, 123, , 32, 21, 4, 20
2016/9/2, 144, , 10, 22, 5, 15
2016/9/3, 149, , 7, 22, 1, 17
2016/9/4, 158, , 7, 22, 4, 17
2016/9/5, 157, , 7, 21, 7, 26
2016/9/6, 157, , 9, 22, 2, 16
2016/9/7, 154, , 7, 24, 1, 16
2016/9/8, 171, , 6, 27, 1, 19
2016/9/9, 182, , 27, 24, 2, 16
2016/9/10, 157, , 7, 23, 1, 15
2016/9/11, 154, , 7, 25, 7, 31
2016/9/12, 160, , 4, 20, 1, 11
2016/9/13, 110, , 3, 20, 3, 11
2016/9/14, 117, , 2, 22, 1, 16
2016/9/15, 136, , 3, 22, 2, 16
2016/9/16, 146, , 23, 21, 9, 28
2016/9/17, 144, , 3, 18, 1, 15
2016/9/18, 143, , 3, 13, 1, 11
2016/9/19, 140, , 6, 16, 2, 25
2016/9/20, 148, , 10, 12, 4, 11
2016/9/21, 151, , 16, 15, 4, 10
2016/9/22, 125, , 2, 12, 1, 12
2016/9/23, 146, , 9, 11, 8, 10
2016/9/24, 96, , 5, 16, 1, 11
2016/9/25, 123, , 4, 16, 9, 20
2016/9/26, 109, , 10, 19, 1, 14
2016/9/27, 131, , 7, 21, 1, 14
2016/9/28, 236, , 9, 17, 2, 12
2016/9/29, 129, , 8, 18, 5, 28
2016/9/30, 142, , 5, 20, 1, 13
2016/4/1, 309, , 6, 32, 2, 38
2016/4/2, 219, , 9, 35, 2, 29
2016/4/3, 323, , 8, 34, 2, 21
2016/4/4, 361, , 5, 26, 3, 19
2016/4/5, 270, , 5, 26, 4, 18
2016/4/6, 225, , 3, 21, 6, 26
2016/4/7, 225, , 9, 27, 5, 28
2016/4/8, 223, , 9, 26, 1, 16
2016/4/9, 228, , 4, 19, 2, 12
2016/4/10, 206, , 7, 24, 2, 10
2016/4/11, 310, , 8, 24, 1, 8
2016/4/12, 160, , 7, 23, 1, 9
2016/4/13, 129, , 7, 33, 1, 20
2016/4/14, 146, , 7, 36, 10, 14
2016/4/18, 390, , 11, 10, 49, 45
2016/4/19, 160, , 7, 28, 6, 30
2016/4/20, 155, , 9, 21, 1, 18
2016/4/21, 354, , 9, 30, 2, 28
2016/4/22, 187, , 10, 22, 2, 29
2016/4/23, 178, , 11, 22, 2, 15
2016/4/24, 166, , 7, 23, 1, 19
2016/4/25, 190, , 8, 34, 2, 37
2016/4/26, 212, , 11, 31, 3, 44
2016/4/27, 281, , 9, 32, 3, 50
2016/4/28, 276, , 10, 30, 2, 32
2016/4/29, 354, , 12, 29, 2, 33
2016/4/30, 205, , 13, 27, 4, 38
2016/5/1, 180, , 11, 30, 3, 45
2016/5/2, 258, , 11, 18, 2, 16
2016/5/3, 367, , 14, 19, 2, 16
2016/5/4, 157, , 12, 17, 3, 13
2016/5/5, 488, , 8, 19, 11, 18
2016/5/6, 209, , 12, 24, 10, 22
2016/5/7, 237, , 16, 23, 3, 22
2016/5/8, 328, , 11, 18, 1, 12
2016/5/9, 326, , 10, 18, 18, 21
2016/5/10, 235, , 12, 17, 3, 17
2016/5/11, 211, , 10, 19, 2, 20
2016/5/12, 165, , 13, 23, 2, 33
2016/5/13, 283, , 15, 23, 2, 32
2016/5/14, 350, , 16, 21, 2, 28
2016/5/15, 451, , 15, 21, 5, 28
2016/5/16, 295, , 14, 27, 4, 19
2016/5/17, 565, , 10, 24, 2, 35
2016/5/18, 542, , , , , 
2016/5/25, 235, , 10, 20, 1, 18
2016/5/26, 143, , 9, 26, 2, 36
2016/5/27, 382, , 14, 19, 2, 20
2016/5/28, 675, , 13, 15, 1, 15
2016/5/29, 221, , 15, 16, 1, 13
2016/5/30, 146, , 14, 22, 3, 22
2016/5/31, 404, , 12, 24, 2, 30
2016/6/1, 164, , 17, 21, 1, 23
2016/6/2, 168, , 17, 17, 1, 12
2016/6/3, 202, , 15, 13, 1, 12
2016/6/4, 175, , 22, 16, , 15
2016/6/5, 245, , 17, 12, 1, 11
2016/6/6, 190, , 19, 11, 1, 9
2016/6/7, 133, , 23, 13, 1, 11
2016/6/8, 131, , 28, 14, 1, 10
2016/6/9, 130, , 27, 17, 1, 14
2016/6/10, 150, , 21, 17, 1, 16
2016/6/11, 157, , 17, 13, 1, 13
2016/6/12, 139, , 16, 16, 1, 18
2016/6/13, 218, , 14, 16, 1, 16
2016/6/14, 140, , 12, 15, 1, 15
2016/6/15, 147, , 9, 15, 1, 13
2016/6/16, 272, , 15, 11, 1, 10
2016/6/17, 196, , 11, 10, 1, 19
2016/6/18, 239, , 12, 13, 1, 19
2016/6/19, 232, , 10, 15, 1, 21
2016/6/20, 233, , 11, 16, 1, 17
2016/6/21, 262, , 3, 11, 1, 14
2016/6/22, 116, , 5, 18, 1, 22
2016/6/23, 91, , 9, 16, 1, 16
2016/6/24, 106, , 16, 12, , 14
2016/6/25, 108, , 18, 11, , 12
2016/6/26, 143, , 14, 13, 1, 20
2016/6/27, 180, , 12, 13, 1, 22
2016/6/28, 311, , 11, 11, , 17
2016/6/29, 216, , 13, 13, 1, 20
2016/6/30, 158, , 15, 12, 1, 12
2016/1/4, 305, , 7, 55, 1, 66
2016/1/5, 376, , 6, 53, 2, 54
2016/1/6, 347, , 7, 46, 1, 29
2016/1/7, 288, , 7, 46, 1, 33
2016/1/8, 288, , 6, 36, 1, 17
2016/1/9, 207, , 2, 39, 1, 39
2016/1/10, 247, , 7, 45, 4, 51
2016/1/11, 292, , 8, 51, 2, 35
2016/1/12, 287, , 7, 44, 6, 34
2016/1/13, 278, , 6, 39, 4, 26
2016/1/14, 305, , , , , 
2016/1/16, 210, , 7, 26, 4, 16
2016/1/17, 214, , 19, 35, 4, 28
2016/1/18, 277, , 3, 27, 12, 41
2016/1/19, 279, , 1, 24, , 17
2016/1/20, 248, , 2, 26, 1, 19
2016/1/21, 215, , 4, 29, 1, 24
2016/1/22, 281, , 5, 31, 2, 39
2016/1/23, 325, , 4, 35, 2, 56
2016/1/24, 381, , 4, 41, 2, 44
2016/1/25, 310, , 6, 38, 1, 27
2016/1/26, 275, , 6, 37, 1, 31
2016/1/27, 271, , 6, 41, 2, 41
2016/1/28, 307, , 4, 43, 2, 39
2016/1/29, 354, , , , , 
2016/2/1, 161, , 5, 24, 1, 13
2016/2/2, 207, , 7, 29, 2, 17
2016/2/3, 225, , 6, 31, 2, 22
2016/2/4, 222, , 8, 40, 3, 26
2016/2/5, 224, , 7, 39, 3, 31
2016/2/6, 294, , 4, 24, 1, 18
2016/2/7, 199, , , , , 
2016/2/9, 202, , 7, 37, 3, 31
2016/2/10, 249, , 6, 36, 1, 32
2016/2/11, 241, , 6, 38, 1, 21
2016/2/12, 208, , 6, 38, 2, 21
2016/2/13, 195, , 7, 37, 1, 24
2016/2/14, 195, , 6, 33, 1, 19
2016/2/15, 182, , 5, 33, 2, 19
2016/2/16, 191, , , , , 
2016/2/19, 199, , 4, 38, 4, 29
2016/2/20, 260, , 6, 34, 1, 15
2016/2/21, 278, , 7, 31, 1, 15
2016/2/22, 172, , 7, 34, 4, 22
2016/2/23, 174, , 7, 35, 2, 22
2016/2/24, 269, , 7, 30, 1, 16
2016/2/25, 176, , 7, 29, 2, 18
2016/2/26, 212, , 7, 33, 1, 20
2016/2/27, 246, , 3, 30, 1, 21
2016/2/28, 322, , 6, 38, 2, 39
2016/2/29, 217, , 8, 36, 2, 34
2016/3/1, 269, , 8, 39, 2, 44
2016/3/2, 282, , 6, 41, 4, 57
2016/3/3, 251, , 7, 41, 5, 55
2016/3/4, 278, , 8, 34, 3, 34
2016/3/5, 237, , 7, 26, 1, 13
2016/3/6, 143, , 9, 33, 1, 17
2016/3/7, 215, , 7, 28, 4, 20
2016/3/8, 139, , 8, 29, 1, 19
2016/3/9, 196, , 8, 32, 3, 18
2016/3/10, 195, , 7, 33, 5, 30
2016/3/11, 173, , 5, 28, 3, 23
2016/3/12, 187, , 5, 25, 1, 14
2016/3/13, 148, , 7, 19, 1, 12
2016/3/14, 128, , 6, 27, 1, 15
2016/3/15, 194, , 6, 26, 2, 18
2016/3/16, 151, , 6, 29, 7, 26
2016/3/17, 176, , 8, 29, 2, 21
2016/3/18, 205, , 9, 35, 2, 23
2016/3/19, 215, , 7, 30, 2, 17
2016/3/20, 232, , 6, 20, 1, 11
2016/3/21, 133, , 6, 18, 1, 11
2016/3/22, 104, , 7, 17, 2, 17
2016/3/23, 150, , 7, 18, 2, 24
2016/3/24, 174, , 7, 21, 2, 21
2016/3/25, 166, , 7, 25, 2, 21
2016/3/26, 175, , 5, 15, 1, 12
2016/3/27, 156, , 4, 17, 1, 12
2016/3/28, 152, , 3, 16, 4, 11
2016/3/29, 153, , 3, 25, 1, 36
2016/3/30, 179, , 9, 38, 4, 35
2016/3/31, 243, , 6, 38, 6, 41
2015/12/30, 259, , , 45, 1, 41
2015/12/31, 420, , , 30, 3, 
2016/1/3, 275, , 6, 24, 2, 22
2015/7/1, 82, , 5, 21, 8, 22
2015/7/2, 123, , 5, 24, 5, 34
2015/7/3, 118, , 6, 22, 9, 18
2015/7/4, 125, , 5, 21, 8, 20
2015/7/5, 142, , 6, 16, , 28
2015/7/6, 74, , 4, 17, 3, 12
2015/7/7, 73, , 5, 21, 4, 14
2015/7/8, 95, , 5, 19, 3, 13
2015/7/9, 102, , 4, 16, 3, 10
2015/7/10, 64, , 4, 14, 2, 8
2015/7/11, 57, , 4, 15, 7, 27
2015/7/12, 72, , 4, 18, 4, 16
2015/7/13, 86, , 5, 23, 5, 18
2015/7/14, 117, , 4, 22, 7, 32
2015/7/15, 105, , 3, 20, 6, 16
2015/7/16, 133, , 4, 19, 3, 12
2015/7/17, 76, , 4, 16, 2, 12
2015/7/18, 98, , 6, 15, 3, 11
2015/7/19, 92, , 5, 16, 3, 10
2015/7/20, 73, , 5, 15, 7, 25
2015/7/21, 84, , 5, 16, , 10
2015/7/22, 79, , 5, 14, 3, 8
2015/7/23, 85, , 4, 15, 3, 12
2015/7/24, 100, , 4, 16, 3, 11
2015/7/25, 75, , 4, 15, 3, 11
2015/7/26, 49, , 1, 16, 7, 17
2015/7/27, 65, , 4, 16, 8, 29
2015/7/28, 60, , 3, 14, 3, 13
2015/7/29, 61, , 4, 16, 7, 15
2015/7/30, 58, , 4, 18, 4, 14
2015/7/31, 80, , 3, 17, 3, 13
2015/8/1, 88, , 4, 16, 8, 27
2015/8/2, 91, , 4, 16, 3, 15
2015/8/3, 91, , 5, 17, 3, 12
2015/8/4, 97, , 5, 17, 3, 12
2015/8/5, 89, , 5, 18, 3, 12
2015/8/6, 80, , 4, 17, 3, 12
2015/8/7, 99, , 4, 18, 3, 14
2015/8/8, 129, , 6, 17, 3, 15
2015/8/9, 114, , 5, 21, 3, 23
2015/8/10, 121, , 4, 19, 7, 30
2015/8/11, 70, , 6, 19, 3, 16
2015/8/12, 112, , 3, 17, 7, 27
2015/8/13, 121, , 3, 18, 3, 13
2015/8/14, 102, , 3, 17, 3, 12
2015/8/15, 93, , 3, 16, 3, 13
2015/8/16, 60, , 3, 16, 3, 16
2015/8/17, 76, , 3, 20, 3, 17
2015/8/18, 104, , 3, 19, 3, 17
2015/8/19, 71, , 1, 18, 1, 15
2015/8/20, 104, , , 17, 1, 13
2015/5/14, 142, , 8, 34, 4, 24
2015/5/15, 133, , 8, 33, 3, 21
2015/5/16, 98, , 9, 23, 1, 12
2015/5/17, 82, , 9, 26, 4, 14
2015/5/18, 263, , 11, 32, 3, 21
2015/5/19, 192, , 12, 28, 5, 22
2015/5/20, 121, , 8, 35, 9, 19
2015/5/21, 147, , 8, 38, 4, 26
2015/5/22, 127, , 8, 35, 9, 27
2015/5/23, 157, , 5, 35, 6, 27
2015/5/24, 133, , 6, 34, 9, 18
2015/5/25, 169, , 6, 37, 9, 31
2015/5/26, 163, , 7, 35, 8, 47
2015/5/27, 191, , 10, 33, 8, 31
2015/5/28, 164, , 10, 32, 9, 35
2015/5/29, 177, , 8, 39, 1, 42
2015/5/30, 168, , 8, 32, 1, 22
2015/5/31, 165, , 9, 31, 8, 18
2015/6/1, 152, , 8, 24, 4, 18
2015/6/2, 160, , 9, 16, 8, 16
2015/6/3, 139, , 11, 21, 3, 15
2015/6/4, 163, , 9, 22, 3, 12
2015/6/5, 154, , 10, 27, 7, 16
2015/6/6, 138, , 8, 29, 4, 19
2015/6/7, 159, , 8, 33, 2, 23
2015/6/8, 155, , 7, 37, 9, 31
2015/6/9, 166, , 9, 32, 1, 38
2015/6/10, 127, , 8, 27, , 12
2015/6/11, 105, , 5, 30, 3, 15
2015/6/12, 120, , 7, 32, 3, 17
2015/6/13, 96, , 14, 25, 4, 13
2015/6/14, 109, , 8, 26, 7, 14
2015/6/15, 177, , 10, 21, 8, 29
2015/6/16, 153, , 9, 22, 3, 15
2015/6/17, 148, , 9, 21, 3, 13
2015/6/18, 138, , 9, 22, 7, 15
2015/6/19, 156, , 9, 18, 3, 30
2015/6/20, 109, , 7, 17, 7, 12
2015/6/21, 101, , 7, 16, , 11
2015/6/22, 75, , 7, 16, 1, 10
2015/6/23, 113, , 7, 16, 7, 11
2015/6/24, 84, , 6, 18, 3, 14
2015/6/25, 78, , 4, 18, 3, 11
2015/6/26, 109, , 6, 20, 3, 15
2015/6/27, 118, , 6, 23, 4, 14
2015/6/28, 152, , 7, 18, , 11
2015/6/29, 77, , 4, 15, , 10
2015/4/1, , 55, 6, 26, , 20
2015/4/4, , 67, 9, 25, , 10
2015/4/5, , 78, 9, 25, , 10
2015/4/6, , 85, 13, 23, , 10
2015/4/7, , 130, 11, 33, , 39
2015/4/8, , 153, 8, 34, , 27
2015/4/9, , 101, 28, 22, , 17
2015/4/10, , 111, 80, 20, , 11
2015/4/12, , 88, 9, 24, , 16
2015/4/13, , 130, 7, 21, , 11
2015/4/28, , 75, , 19, , 9
2015/4/29, , 96, , 21, , 11
2015/4/30, , 132, , 23, , 28
2015/5/1, , 100, , 21, , 27
2015/5/2, , 60, , 31, , 14
2015/5/3, , 57, , 25, , 15
2015/5/4, , 59, , 28, , 16
2015/5/5, , 102, , 33, , 44
2015/5/6, , 88, , 49, , 42
2015/5/7, , 127, , 35, , 33
2015/5/8, , 145, , 36, , 35
2015/5/9, , 89, , 41, , 27
2015/5/10, , 67, , 36, , 26
2015/5/11, , 75, , 41, , 34
2015/5/12, , 60, , 30, , 16
2015/1/2, , 70, , , , 
2015/1/17, , 97, , , , 
2015/1/28, , 92, 7, 21, , 11
2015/1/29, , 114, , , , 
2015/2/14, , 99, , , , 
2015/2/18, , 302, 14, 19, , 12
2015/2/19, , 148, 13, 21, , 13
2015/2/20, , 157, , , , 
2015/2/22, , 111, 11, 22, , 12
2015/2/23, , 188, , , , 
2015/2/27, , 114, , , , 
2015/3/2, , 36, 10, 16, , 8
2015/3/3, , 100, 13, 14, , 5
2015/3/4, , 45, 9, 21, , 10
2015/3/5, , 42, , , , 
2015/3/11, , 36, 19, 15, , 7
2015/3/12, , 51, , , , 
2015/3/17, , 50, 9, 23, , 8
2015/3/18, , 51, 12, , , 11
2015/3/19, , 61, 4, , , 15
2015/3/20, , 92, , , , 
2015/3/23, , 82, 32, , , 27
2015/3/24, , 72, 38, , , 29
2015/3/25, , 85, 27, , , 33
2015/3/26, , 86, 31, 36, , 24
2015/3/27, , 79, , , , 
2015/3/30, , 46, 6, 24, , 14
2015/3/31, , 154, 6, 26, , 20
2014/10/1, , 43, 37, 14, , 
2014/10/2, , 45, 13, 17, , 
2014/10/3, , 55, 13, 18, , 
2014/10/4, , 65, 10, 16, , 
2014/10/5, , 63, 12, 18, , 
2014/10/6, , 58, 14, 14, , 
2014/10/7, , 59, 14, 13, , 
2014/10/8, , 57, 16, 20, , 
2014/10/9, , 58, 16, 21, , 
2014/10/10, , 59, 31, 16, , 
2014/10/11, , 69, 31, 15, , 
2014/10/12, , 66, 22, 10, , 
2014/10/13, , 45, 8, 9, , 
2014/10/14, , 122, 7, 18, , 
2014/10/15, , 70, 14, 21, , 
2014/10/16, , 104, 16, 26, , 
2014/10/17, , 176, 18, 26, , 
2014/10/18, , 199, 23, 25, , 
2014/10/19, , 156, 13, 38, , 
2014/10/20, , 240, 35, 34, , 
2014/10/21, , 208, 22, 21, , 
2014/10/22, , 146, 17, 15, , 
2014/10/23, , 126, 21, 7, , 
2014/10/24, , 82, 16, 7, , 
2014/10/25, , 78, , , , 
2014/10/28, , 106, 19, 15, , 
2014/10/29, , 129, 23, 15, , 
2014/10/30, , 145, 32, 26, , 
2014/10/31, , 198, 18, 22, , 
2014/11/1, , 268, 18, 21, , 
2014/11/2, , 142, 16, 21, , 
2014/11/3, , 143, 16, 17, , 25
2014/11/4, , 129, 16, 23, , 45
2014/11/5, , 245, 17, 26, , 19
2014/11/6, , 152, 17, 27, , 41
2014/11/7, , 200, 19, 24, , 28
2014/11/8, , 283, 2, 48, , 50
2014/11/9, , 252, 18, 18, , 81
2014/11/10, , 99, 18, 28, , 13
2014/11/11, , 94, 17, 23, , 10
2014/11/12, , 244, 20, 22, , 12
2014/11/13, , 117, 19, 23, , 12
2014/11/14, , 229, 14, 42, , 25
2014/11/15, , 135, 23, 27, , 15
2014/11/16, , 122, 20, 33, , 18
2014/11/17, , 129, 15, 21, , 17
2014/11/18, , 160, , , , 
2014/7/1, , 45, , , , 
2014/7/14, , 49, , , , 
2014/7/16, , 44, , , , 
2014/9/16, , 82, 10, 19, , 
2014/9/17, , 85, 13, 16, , 
2014/9/18, , 88, 13, 21, , 
2014/9/19, , 100, 10, 16, , 
2014/9/20, , 100, , , , 
2014/9/22, , 97, 9, 20, , 
2014/9/23, , 99, 9, 18, , 
2014/9/24, , 91, 11, 17, , 
2014/9/25, , 86, 9, 20, , 
2014/9/26, , 106, 9, 20, , 
2014/9/27, , 103, 12, 19, , 
2014/9/28, , 94, 10, 22, , 
2014/9/29, , 109, 15, 18, , 
2014/9/30, , 104, 12, 15, , 
2014/6/30, , 31, 25, 18, , 8
2020/4/5, , , 27, 4, 7, 
2019/12/31, , , 9, 37, 17, 
2019/10/28, , , 32, 39, 16, 
2019/12/8, , , 28, 35, 6, 
2019/12/22, , , 2, 17, 2, 
2019/9/5, , , 15, 15, 3, 
2019/6/18, , , 26, 20, 8, 12
2018/12/31, , , 36, 56, 24, 18
2019/1/28, , , 22, 51, 16, 27
2019/3/18, , , 40, 43, 6, 25
2019/3/27, , , 17, 40, 4, 34
2018/10/2, , , 41, 27, 5, 20
2018/10/6, , , 7, 42, 4, 34
2018/11/7, , , 7, 81, 11, 56
2018/11/8, , , 25, 58, 9, 52
2018/11/9, , , 15, 75, 10, 76
2018/11/10, , , 25, 63, 6, 55
2018/11/11, , , 57, 73, 14, 81
2018/11/12, , , 17, 73, 11, 62
2018/12/14, , , 28, 38, 7, 16
2018/7/4, , , 9, 27, 5, 18
2018/7/11, , , 2, 15, 2, 21
2017/11/19, , , 2, 24, 1, 30
2017/12/13, , , 7, 33, 2, 25
2017/9/10, , , 10, 31, 2, 27
2017/4/9, , , 3, 68, 1, 19
2017/2/25, , , 2, 20, 1, 13
2016/10/7, , , 25, 21, 5, 16
2016/10/8, , , 13, 18, 1, 16
2016/10/9, , , 29, 19, 3, 18
2016/4/15, , , 5, 30, 2, 30
2016/4/16, , , 6, 4, 3, 25
2016/4/17, , , 3, 2, 9, 21
2016/5/24, , , 8, 25, 1, 38
2016/1/15, , , 4, 24, 1, 17
2016/1/31, , , 2, 17, 1, 11
2016/2/8, , , 3, 19, 2, 22
2016/2/18, , , 3, 32, 1, 31
2015/12/29, , , 2, 41, 1, 24
2016/1/2, , , 7, , , 
2015/6/30, , , 5, 20, 7, 18
2015/1/1, , , 3, 20, , 13
2015/1/16, , , 7, 24, , 11
2015/1/27, , , 10, 21, , 9
2015/2/13, , , 10, 21, , 8
2015/2/15, , , 16, 21, , 12
2015/2/17, , , 2, 29, , 35
2015/2/21, , , 1, , , 
2015/2/26, , , 13, 21, , 10
2015/3/1, , , 8, 19, , 9
2015/3/16, , , 9, 28, , 11
2015/3/22, , , 2, , , 28
2015/3/29, , , 5, 22, , 11
2015/4/3, , , 11, 21, , 2
2014/10/27, , , 18, 11, , 
2014/7/15, , , 14, 13, , 7
2014/9/15, , , 16, 17, , 
2014/9/21, , , 8, 20, , 
2014/6/29, , , 7, 22, , 10
2015/10/1, , , , 31, , 18
2015/10/2, , , , 33, 2, 17
2015/10/3, , , , 38, 5, 25
2015/10/4, , , , 38, 5, 25
2015/10/5, , , , 35, 1, 20
2015/10/6, , , , 39, 5, 41
2015/10/7, , , , 34, 1, 21
2015/10/8, , , , 31, 1, 21
2015/10/9, , , , 37, 6, 41
2015/10/10, , , , 46, 10, 66
2015/10/11, , , , 34, 3, 24
2015/10/12, , , , 30, 1, 15
2015/10/13, , , , 30, , 13
2015/10/14, , , , 26, , 12
2015/10/15, , , , 27, , 12
2015/10/16, , , , 27, 5, 31
2015/10/17, , , , 32, , 19
2015/10/18, , , , 36, 1, 16
2015/10/19, , , , 39, 1, 25
2015/10/20, , , , 42, 2, 37
2015/10/21, , , , 38, 1, 29
2015/10/22, , , , 35, 1, 37
2015/10/23, , , , 44, 1, 28
2015/10/24, , , , 39, 3, 24
2015/10/25, , , , 24, 1, 12
2015/10/26, , , , 31, 1, 20
2015/10/27, , , , 44, 6, 55
2015/10/28, , , , 32, 1, 32
2015/10/29, , , , 27, , 11
2015/10/30, , , , 27, , 15
2015/10/31, , , , 29, 1, 19
2015/11/1, , , , 33, 1, 21
2015/11/2, , , , 34, 5, 39
2015/11/3, , , , 37, 1, 32
2015/11/4, , , , 38, 6, 57
2015/11/5, , , , 38, 5, 31
2015/11/6, , , , 32, , 17
2015/11/7, , , , 41, 1, 26
2015/11/8, , , , 36, 1, 17
2015/11/9, , , , 38, 1, 23
2015/11/10, , , , 39, 1, 38
2015/11/11, , , , 39, 2, 34
2015/11/12, , , , 30, 9, 19
2015/11/13, , , , 36, 7, 22
2015/11/14, , , , 36, 1, 23
2015/11/15, , , , 38, 1, 31
2015/11/16, , , , 43, 2, 36
2015/11/17, , , , 32, 1, 22
2015/11/18, , , , 35, 1, 20
2015/11/19, , , , 50, 1, 42
2015/11/20, , , , 51, 7, 48
2015/11/21, , , , 42, , 43
2015/11/22, , , , 44, 4, 31
2015/11/23, , , , 39, , 56
2015/11/24, , , , 47, , 57
2015/11/25, , , , 42, , 32
2015/11/26, , , , 36, , 29
2015/11/27, , , , 43, , 33
2015/11/28, , , , 37, , 30
2015/11/29, , , , 33, , 24
2015/11/30, , , , 39, , 40
2015/12/1, , , , 34, , 33
2015/12/2, , , , 29, , 16
2015/12/3, , , , 32, , 21
2015/12/4, , , , 41, , 36
2015/12/5, , , , 43, , 40
2015/12/7, , , , 53, 2, 100
2015/12/8, , , , 45, 1, 57
2015/12/9, , , , 38, 1, 48
2015/12/10, , , , 40, , 37
2015/12/11, , , , 36, , 30
2015/12/12, , , , 36, 1, 28
2015/12/13, , , , 33, , 28
2015/12/14, , , , 37, 1, 24
2015/12/15, , , , 39, 2, 23
2015/12/16, , , , 46, 3, 38
2015/12/17, , , , 46, 1, 28
2015/12/18, , , , 44, , 25
2015/12/19, , , , 43, 2, 49
2015/12/20, , , , 43, 1, 52
2015/12/21, , , , 47, 1, 36
2015/12/22, , , , 51, 1, 37
2015/12/23, , , , 48, , 28
2015/12/24, , , , 41, , 22
2015/12/25, , , , 36, 1, 20
2015/12/26, , , , 44, 2, 24
2015/12/27, , , , 39, 1, 21
2015/12/28, , , , 49, 1, 30
2015/8/21, , , , 20, 1, 14
2015/8/22, , , , 17, 1, 13
2015/8/23, , , , 25, 1, 27
2015/8/24, , , , 23, 5, 30
2015/8/25, , , , 25, 2, 16
2015/8/26, , , , 24, 1, 14
2015/8/27, , , , 22, , 12
2015/8/28, , , , 22, 5, 32
2015/8/29, , , , 24, 5, 31
2015/8/30, , , , 24, 1, 14
2015/8/31, , , , 26, 6, 16
2015/9/1, , , , 23, 6, 30
2015/9/2, , , , 26, 1, 16
2015/9/3, , , , 29, 5, 31
2015/9/4, , , , 28, 3, 14
2015/9/5, , , , 28, 6, 29
2015/9/6, , , , 29, 1, 16
2015/9/7, , , , 29, 2, 16
2015/9/8, , , , 30, 5, 28
2015/9/9, , , , 31, 1, 14
2015/9/10, , , , 32, 1, 18
2015/9/11, , , , 25, , 13
2015/9/12, , , , 25, 5, 30
2015/9/13, , , , 26, 1, 16
2015/9/14, , , , 25, , 14
2015/9/15, , , , 23, , 14
2015/9/16, , , , 22, , 16
2015/9/17, , , , 21, 4, 28
2015/9/18, , , , 24, 1, 16
2015/9/19, , , , 23, , 14
2015/9/20, , , , 23, , 17
2015/9/21, , , , 32, 1, 29
2015/9/22, , , , 24, , 15
2015/9/24, , , , 29, 1, 18
2015/9/25, , , , 28, 4, 19
2015/9/26, , , , 30, 5, 35
2015/9/27, , , , 35, 1, 20
2015/9/28, , , , 31, 1, 17
2015/9/29, , , , 38, 1, 25
2015/9/30, , , , 37, 1, 25
2015/4/25, , , , 19, , 8
2015/5/13, , , , 31, 4, 21
2015/1/8, , , , 17, , 11
2015/3/10, , , , 13, , 3
2014/7/13, , , , 17, , 10
2015/4/23, , , , , , 13